id	step	objective	min_delta	mean_delta	weighted_delta	weighted_prediction	weight_domi	reg_domi	delta_domi	weight_wika	reg_wika	delta_wika	weight_ola	reg_ola	delta_ola	mutation	position	from	to	mutations_used	sequence
seq_4_no_active	0	-9540.0	0.0	0.0	0.0	-0.8535468142661711	0.6	-0.9989776611328125	0.0	0.25	-0.8892641127041403	0.0	0.15	-0.21229459606965645	0.0	original				0	TCGGTTCACGCAATGTGAAGGATTGGTTATTTATTCCATGCTTTACTCTCTGGCTTCTTTGGTCTTCCTAAGGTACGTTTACTTAGATAACTGCCTCCTTTTCATCACTAGATGGTGCCATAAACCCAGCTTCGTTCAGCTCTTGCAAAGATTTGGAGCACTGTTTGTCTCAAATTGGGGAGGAGGTCTTAAAGGAGACACCCCAACAATGTTGAAGTTGATCCGGTCCT
seq_4_no_active	1	-8814.403365385497	0.20818558024787953	0.24178228003864555	0.2497944985684891	-0.603752315697682	0.6	-0.7439023852348328	0.25507527589797974	0.25	-0.627178128734063	0.2620859839700773	0.15	-0.004109015821776911	0.20818558024787953	30:T->A	30	T	A	1	TCGGTTCACGCAATGTGAAGGATTGGTTAATTATTCCATGCTTTACTCTCTGGCTTCTTTGGTCTTCCTAAGGTACGTTTACTTAGATAACTGCCTCCTTTTCATCACTAGATGGTGCCATAAACCCAGCTTCGTTCAGCTCTTGCAAAGATTTGGAGCACTGTTTGTCTCAAATTGGGGAGGAGGTCTTAAAGGAGACACCCCAACAATGTTGAAGTTGATCCGGTCCT
seq_4_no_active	2	-7668.090991502933	0.3887952896813693	0.6237370411084531	0.6978851717073534	-0.15566164255881765	0.6	-0.2305150330066681	0.7684626281261444	0.25	-0.17531090718629486	0.7139532055178455	0.15	0.17650069361171283	0.3887952896813693	109:T->G	109	T	G	2	TCGGTTCACGCAATGTGAAGGATTGGTTAATTATTCCATGCTTTACTCTCTGGCTTCTTTGGTCTTCCTAAGGTACGTTTACTTAGATAACTGCCTCCTTTTCATCACGAGATGGTGCCATAAACCCAGCTTCGTTCAGCTCTTGCAAAGATTTGGAGCACTGTTTGTCTCAAATTGGGGAGGAGGTCTTAAAGGAGACACCCCAACAATGTTGAAGTTGATCCGGTCCT
seq_4_no_active	3	-6642.814820491349	0.5715361082423731	0.9653451233183953	1.1498095534662216	0.29626273920005053	0.6	0.3808918297290802	1.3798694908618927	0.25	0.05536565814677959	0.9446297708509199	0.15	0.3592415121727167	0.5715361082423731	62:G->A	62	G	A	3	TCGGTTCACGCAATGTGAAGGATTGGTTAATTATTCCATGCTTTACTCTCTGGCTTCTTTGATCTTCCTAAGGTACGTTTACTTAGATAACTGCCTCCTTTTCATCACGAGATGGTGCCATAAACCCAGCTTCGTTCAGCTCTTGCAAAGATTTGGAGCACTGTTTGTCTCAAATTGGGGAGGAGGTCTTAAAGGAGACACCCCAACAATGTTGAAGTTGATCCGGTCCT
seq_4_no_active	4	-5729.664489518702	0.7956387313893711	1.2696385062317994	1.419991785900452	0.566444971634281	0.6	0.5648131370544434	1.5637907981872559	0.25	0.5602218764146313	1.4494859891187715	0.15	0.5833441353197146	0.7956387313893711	20:G->T	20	G	T	4	TCGGTTCACGCAATGTGAATGATTGGTTAATTATTCCATGCTTTACTCTCTGGCTTCTTTGATCTTCCTAAGGTACGTTTACTTAGATAACTGCCTCCTTTTCATCACGAGATGGTGCCATAAACCCAGCTTCGTTCAGCTCTTGCAAAGATTTGGAGCACTGTTTGTCTCAAATTGGGGAGGAGGTCTTAAAGGAGACACCCCAACAATGTTGAAGTTGATCCGGTCCT
seq_4_no_active	5	-4804.457305538961	1.1890741114739192	1.5779473635395298	1.700603842450935	0.847057028184764	0.6	0.8183101415634155	1.817287802696228	0.25	0.8382160637443011	1.7274801764484415	0.15	0.9767795154042627	1.1890741114739192	17:G->T	17	G	T	5	TCGGTTCACGCAATGTTAATGATTGGTTAATTATTCCATGCTTTACTCTCTGGCTTCTTTGATCTTCCTAAGGTACGTTTACTTAGATAACTGCCTCCTTTTCATCACGAGATGGTGCCATAAACCCAGCTTCGTTCAGCTCTTGCAAAGATTTGGAGCACTGTTTGTCTCAAATTGGGGAGGAGGTCTTAAAGGAGACACCCCAACAATGTTGAAGTTGATCCGGTCCT
seq_4_no_active	6	-4203.290239698422	1.3173648761359602	1.7782572858304704	1.9379028101676123	1.0843559959014413	0.6	1.1037261486053467	2.102703809738159	0.25	1.0254390589131512	1.9147031716172915	0.15	1.1050702800663037	1.3173648761359602	133:C->T	133	C	T	6	TCGGTTCACGCAATGTTAATGATTGGTTAATTATTCCATGCTTTACTCTCTGGCTTCTTTGATCTTCCTAAGGTACGTTTACTTAGATAACTGCCTCCTTTTCATCACGAGATGGTGCCATAAACCCAGCTTTGTTCAGCTCTTGCAAAGATTTGGAGCACTGTTTGTCTCAAATTGGGGAGGAGGTCTTAAAGGAGACACCCCAACAATGTTGAAGTTGATCCGGTCCT
seq_4_no_active	7	-3736.885747377639	1.4653071842931635	1.9336675039191757	2.111740864834238	1.2581940505680673	0.6	1.309653639793396	2.3086313009262085	0.25	1.137799913834015	2.027064026538155	0.15	1.253012588223507	1.4653071842931635	118:C->A	118	C	A	7	TCGGTTCACGCAATGTTAATGATTGGTTAATTATTCCATGCTTTACTCTCTGGCTTCTTTGATCTTCCTAAGGTACGTTTACTTAGATAACTGCCTCCTTTTCATCACGAGATGGTGACATAAACCCAGCTTTGTTCAGCTCTTGCAAAGATTTGGAGCACTGTTTGTCTCAAATTGGGGAGGAGGTCTTAAAGGAGACACCCCAACAATGTTGAAGTTGATCCGGTCCT
seq_4_no_active	8	-3251.987023000682	1.7271119644863056	2.095258575510902	2.237250466612692	1.3837036523465212	0.6	1.3967872858047485	2.395764946937561	0.25	1.2736347024046988	2.1628988151088393	0.15	1.514817368416649	1.7271119644863056	173:A->G	173	A	G	8	TCGGTTCACGCAATGTTAATGATTGGTTAATTATTCCATGCTTTACTCTCTGGCTTCTTTGATCTTCCTAAGGTACGTTTACTTAGATAACTGCCTCCTTTTCATCACGAGATGGTGACATAAACCCAGCTTTGTTCAGCTCTTGCAAAGATTTGGAGCACTGTTTGTCTCAGATTGGGGAGGAGGTCTTAAAGGAGACACCCCAACAATGTTGAAGTTGATCCGGTCCT
seq_4_no_active	9	-2672.6539748025116	2.0465760392218977	2.2883152708138197	2.400212756029453	1.546665941763282	0.6	1.5399763584136963	2.538954019546509	0.25	1.3901516409689125	2.279415753673053	0.15	1.8342814431522412	2.0465760392218977	172:A->T	172	A	T	9	TCGGTTCACGCAATGTTAATGATTGGTTAATTATTCCATGCTTTACTCTCTGGCTTCTTTGATCTTCCTAAGGTACGTTTACTTAGATAACTGCCTCCTTTTCATCACGAGATGGTGACATAAACCCAGCTTTGTTCAGCTCTTGCAAAGATTTGGAGCACTGTTTGTCTCTGATTGGGGAGGAGGTCTTAAAGGAGACACCCCAACAATGTTGAAGTTGATCCGGTCCT
seq_4_no_active	10	-2413.195249097892	2.2078989122142225	2.3747782067003267	2.470130801128728	1.6165839868625569	0.6	1.60055673122406	2.5995343923568726	0.25	1.427637202825744	2.3169013155298845	0.15	1.995604316144566	2.2078989122142225	198:A->T	198	A	T	10	TCGGTTCACGCAATGTTAATGATTGGTTAATTATTCCATGCTTTACTCTCTGGCTTCTTTGATCTTCCTAAGGTACGTTTACTTAGATAACTGCCTCCTTTTCATCACGAGATGGTGACATAAACCCAGCTTTGTTCAGCTCTTGCAAAGATTTGGAGCACTGTTTGTCTCTGATTGGGGAGGAGGTCTTAAAGGAGTCACCCCAACAATGTTGAAGTTGATCCGGTCCT
seq_4_no_active	11	-2190.714059515501	2.344933968049274	2.448922387567019	2.5187777834424803	1.6652309691763092	0.6	1.6198205947875977	2.61879825592041	0.25	1.4937708260272324	2.383034938731373	0.15	2.1326393719796175	2.344933968049274	115:G->A	115	G	A	11	TCGGTTCACGCAATGTTAATGATTGGTTAATTATTCCATGCTTTACTCTCTGGCTTCTTTGATCTTCCTAAGGTACGTTTACTTAGATAACTGCCTCCTTTTCATCACGAGATGATGACATAAACCCAGCTTTGTTCAGCTCTTGCAAAGATTTGGAGCACTGTTTGTCTCTGATTGGGGAGGAGGTCTTAAAGGAGTCACCCCAACAATGTTGAAGTTGATCCGGTCCT
seq_4_no_active	12	-1973.5082277129059	2.4322266628132407	2.521307686750625	2.5687120352197703	1.7151652209535997	0.6	1.6474688053131104	2.646446466445923	0.25	1.5429625501091004	2.4322266628132407	0.15	2.272955334923055	2.4852499309927114	75:A->C	75	A	C	12	TCGGTTCACGCAATGTTAATGATTGGTTAATTATTCCATGCTTTACTCTCTGGCTTCTTTGATCTTCCTAAGGTCCGTTTACTTAGATAACTGCCTCCTTTTCATCACGAGATGATGACATAAACCCAGCTTTGTTCAGCTCTTGCAAAGATTTGGAGCACTGTTTGTCTCTGATTGGGGAGGAGGTCTTAAAGGAGTCACCCCAACAATGTTGAAGTTGATCCGGTCCT
seq_4_no_active	13	-1772.4983766282462	2.531419250723979	2.5882946606861688	2.6176413132480256	1.7640944989818546	0.6	1.667170763015747	2.6661484241485596	0.25	1.6421551380198387	2.531419250723979	0.15	2.3550217111163114	2.5673163071859677	45:A->C	45	A	C	13	TCGGTTCACGCAATGTTAATGATTGGTTAATTATTCCATGCTTTCCTCTCTGGCTTCTTTGATCTTCCTAAGGTCCGTTTACTTAGATAACTGCCTCCTTTTCATCACGAGATGATGACATAAACCCAGCTTTGTTCAGCTCTTGCAAAGATTTGGAGCACTGTTTGTCTCTGATTGGGGAGGAGGTCTTAAAGGAGTCACCCCAACAATGTTGAAGTTGATCCGGTCCT
seq_4_no_active	14	-1629.8062846138278	2.4480143071110647	2.635807544374003	2.7710822641637867	1.9175354498976156	0.6	1.9696738719940186	2.968651533126831	0.25	1.6014926801799727	2.4907567928841132	0.15	2.2357197110414084	2.4480143071110647	194:G->T	194	G	T	14	TCGGTTCACGCAATGTTAATGATTGGTTAATTATTCCATGCTTTCCTCTCTGGCTTCTTTGATCTTCCTAAGGTCCGTTTACTTAGATAACTGCCTCCTTTTCATCACGAGATGATGACATAAACCCAGCTTTGTTCAGCTCTTGCAAAGATTTGGAGCACTGTTTGTCTCTGATTGGGGAGGAGGTCTTAAATGAGTCACCCCAACAATGTTGAAGTTGATCCGGTCCT
seq_4_no_active	15	-1443.2367984289654	2.484291402663906	2.6979797642589465	2.8239087941949093	1.9703619799287382	0.6	1.9977455139160156	2.996723175048828	0.25	1.7236606023599657	2.612924715064106	0.15	2.2719968065942497	2.484291402663906	181:A->G	181	A	G	15	TCGGTTCACGCAATGTTAATGATTGGTTAATTATTCCATGCTTTCCTCTCTGGCTTCTTTGATCTTCCTAAGGTCCGTTTACTTAGATAACTGCCTCCTTTTCATCACGAGATGATGACATAAACCCAGCTTTGTTCAGCTCTTGCAAAGATTTGGAGCACTGTTTGTCTCTGATTGGGGGGGAGGTCTTAAATGAGTCACCCCAACAATGTTGAAGTTGATCCGGTCCT
seq_4_no_active	16	-1091.5307429091695	2.5052943062677584	2.815175493868996	2.942775483842354	2.0892286695761833	0.6	2.0922317504882812	3.0912094116210938	0.25	1.9597586510139964	2.8490227637181365	0.15	2.292999710198102	2.5052943062677584	189:T->G	189	T	G	16	TCGGTTCACGCAATGTTAATGATTGGTTAATTATTCCATGCTTTCCTCTCTGGCTTCTTTGATCTTCCTAAGGTCCGTTTACTTAGATAACTGCCTCCTTTTCATCACGAGATGATGACATAAACCCAGCTTTGTTCAGCTCTTGCAAAGATTTGGAGCACTGTTTGTCTCTGATTGGGGGGGAGGTCGTAAATGAGTCACCCCAACAATGTTGAAGTTGATCCGGTCCT
seq_4_no_active	17	-795.8846946197323	2.577501142726923	2.9136996157716157	3.0164580654210096	2.1629112511548385	0.6	2.1122608184814453	3.111238479614258	0.25	2.163095112269526	3.0523592249736664	0.15	2.3652065466572667	2.577501142726923	191:A->T	191	A	T	17	TCGGTTCACGCAATGTTAATGATTGGTTAATTATTCCATGCTTTCCTCTCTGGCTTCTTTGATCTTCCTAAGGTCCGTTTACTTAGATAACTGCCTCCTTTTCATCACGAGATGATGACATAAACCCAGCTTTGTTCAGCTCTTGCAAAGATTTGGAGCACTGTTTGTCTCTGATTGGGGGGGAGGTCGTTAATGAGTCACCCCAACAATGTTGAAGTTGATCCGGTCCT
seq_4_no_active	18	-691.9867121276346	2.6316426461692024	2.9483263404910987	3.0342663990689696	2.180719584802799	0.6	2.1044106483459473	3.1033883094787598	0.25	2.220683953121194	3.1099480658253347	0.15	2.419348050099546	2.6316426461692024	197:G->T	197	G	T	18	TCGGTTCACGCAATGTTAATGATTGGTTAATTATTCCATGCTTTCCTCTCTGGCTTCTTTGATCTTCCTAAGGTCCGTTTACTTAGATAACTGCCTCCTTTTCATCACGAGATGATGACATAAACCCAGCTTTGTTCAGCTCTTGCAAAGATTTGGAGCACTGTTTGTCTCTGATTGGGGGGGAGGTCGTTAATGATTCACCCCAACAATGTTGAAGTTGATCCGGTCCT
seq_4_no_active	19	-508.2989144195503	2.8170539236315095	3.009554321270187	3.03812176988847	2.184574955622299	0.6	2.0371978282928467	3.036175489425659	0.25	2.2861694380492525	3.175433550753393	0.15	2.6047593275618532	2.8170539236315095	199:C->A	199	C	A	19	TCGGTTCACGCAATGTTAATGATTGGTTAATTATTCCATGCTTTCCTCTCTGGCTTCTTTGATCTTCCTAAGGTCCGTTTACTTAGATAACTGCCTCCTTTTCATCACGAGATGATGACATAAACCCAGCTTTGTTCAGCTCTTGCAAAGATTTGGAGCACTGTTTGTCTCTGATTGGGGGGGAGGTCGTTAATGATTAACCCCAACAATGTTGAAGTTGATCCGGTCCT
seq_4_no_active	20	-425.61184240886297	2.89986501241714	3.0386083723648016	3.049985383958401	2.1964385696922295	0.6	2.0324954986572266	3.031473159790039	0.25	2.2952228321830854	3.184486944887226	0.15	2.6875704163474836	2.89986501241714	32:T->A	32	T	A	20	TCGGTTCACGCAATGTTAATGATTGGTTAATAATTCCATGCTTTCCTCTCTGGCTTCTTTGATCTTCCTAAGGTCCGTTTACTTAGATAACTGCCTCCTTTTCATCACGAGATGATGACATAAACCCAGCTTTGTTCAGCTCTTGCAAAGATTTGGAGCACTGTTTGTCTCTGATTGGGGGGGAGGTCGTTAATGATTAACCCCAACAATGTTGAAGTTGATCCGGTCCT
seq_4_no_active	21	-372.54841347254137	2.9754730186617238	3.0547988181702443	3.055132016725195	2.2015852024590243	0.6	2.0341086387634277	3.0330862998962402	0.25	2.2665730232486294	3.15583713595277	0.15	2.7631784225920675	2.9754730186617238	94:C->A	94	C	A	21	TCGGTTCACGCAATGTTAATGATTGGTTAATAATTCCATGCTTTCCTCTCTGGCTTCTTTGATCTTCCTAAGGTCCGTTTACTTAGATAACTGACTCCTTTTCATCACGAGATGATGACATAAACCCAGCTTTGTTCAGCTCTTGCAAAGATTTGGAGCACTGTTTGTCTCTGATTGGGGGGGAGGTCGTTAATGATTAACCCCAACAATGTTGAAGTTGATCCGGTCCT
seq_4_no_active	22	-251.19879915875947	3.0452468395233154	3.098224016337603	3.0834573156861382	2.229910501419967	0.6	2.046269178390503	3.0452468395233154	0.25	2.2996901927831126	3.188954305487253	0.15	2.848176307932583	3.0604709040022393	212:T->A	212	T	A	22	TCGGTTCACGCAATGTTAATGATTGGTTAATAATTCCATGCTTTCCTCTCTGGCTTCTTTGATCTTCCTAAGGTCCGTTTACTTAGATAACTGACTCCTTTTCATCACGAGATGATGACATAAACCCAGCTTTGTTCAGCTCTTGCAAAGATTTGGAGCACTGTTTGTCTCTGATTGGGGGGGAGGTCGTTAATGATTAACCCCAACAATGATGAAGTTGATCCGGTCCT
seq_4_no_active	23	-177.52825684738676	3.087224245071411	3.1197879314286143	3.1079488667716277	2.2544020525054567	0.6	2.0882465839385986	3.087224245071411	0.25	2.2586697607620265	3.147933873466167	0.15	2.9119110796786076	3.124205675748264	150:G->T	150	G	T	23	TCGGTTCACGCAATGTTAATGATTGGTTAATAATTCCATGCTTTCCTCTCTGGCTTCTTTGATCTTCCTAAGGTCCGTTTACTTAGATAACTGACTCCTTTTCATCACGAGATGATGACATAAACCCAGCTTTGTTCAGCTCTTGCAAATATTTGGAGCACTGTTTGTCTCTGATTGGGGGGGAGGTCGTTAATGATTAACCCCAACAATGATGAAGTTGATCCGGTCCT
seq_4_no_active	24	-121.9852144268433	3.077491283416748	3.17919886372931	3.145783325109714	2.292236510843543	0.6	2.0785136222839355	3.077491283416748	0.25	2.413463476235741	3.3027275889398817	0.15	2.945083122761643	3.1573777188312993	51:T->C	51	T	C	24	TCGGTTCACGCAATGTTAATGATTGGTTAATAATTCCATGCTTTCCTCTCCGGCTTCTTTGATCTTCCTAAGGTCCGTTTACTTAGATAACTGACTCCTTTTCATCACGAGATGATGACATAAACCCAGCTTTGTTCAGCTCTTGCAAATATTTGGAGCACTGTTTGTCTCTGATTGGGGGGGAGGTCGTTAATGATTAACCCCAACAATGATGAAGTTGATCCGGTCCT
seq_4_no_active	25	-81.77759940212307	3.0950686931610107	3.1857422358583043	3.15370743686634	2.3001606226001687	0.6	2.0960910320281982	3.0950686931610107	0.25	2.384161075372343	3.273425188076483	0.15	2.9764382302677626	3.188732826337419	156:G->A	156	G	A	25	TCGGTTCACGCAATGTTAATGATTGGTTAATAATTCCATGCTTTCCTCTCCGGCTTCTTTGATCTTCCTAAGGTCCGTTTACTTAGATAACTGACTCCTTTTCATCACGAGATGATGACATAAACCCAGCTTTGTTCAGCTCTTGCAAATATTTGAAGCACTGTTTGTCTCTGATTGGGGGGGAGGTCGTTAATGATTAACCCCAACAATGATGAAGTTGATCCGGTCCT
seq_4_no_active	26	-66.04352396125361	3.1107890605926514	3.199419122258052	3.167415446095184	2.3138686318290125	0.6	2.111811399459839	3.1107890605926514	0.25	2.3889535254195304	3.278217638123671	0.15	2.9969560719881785	3.2092506680578348	41:C->A	41	C	A	26	TCGGTTCACGCAATGTTAATGATTGGTTAATAATTCCATGATTTCCTCTCCGGCTTCTTTGATCTTCCTAAGGTCCGTTTACTTAGATAACTGACTCCTTTTCATCACGAGATGATGACATAAACCCAGCTTTGTTCAGCTCTTGCAAATATTTGAAGCACTGTTTGTCTCTGATTGGGGGGGAGGTCGTTAATGATTAACCCCAACAATGATGAAGTTGATCCGGTCCT
seq_4_no_active	27	-36.69114832386438	3.1489737033843994	3.1842953188792507	3.173246095124316	2.3196992808581456	0.6	2.149996042251587	3.1489737033843994	0.25	2.3434862383525994	3.2327503510567395	0.15	2.958867306126956	3.171161902196612	193:A->C	193	A	C	27	TCGGTTCACGCAATGTTAATGATTGGTTAATAATTCCATGATTTCCTCTCCGGCTTCTTTGATCTTCCTAAGGTCCGTTTACTTAGATAACTGACTCCTTTTCATCACGAGATGATGACATAAACCCAGCTTTGTTCAGCTCTTGCAAATATTTGAAGCACTGTTTGTCTCTGATTGGGGGGGAGGTCGTTACTGATTAACCCCAACAATGATGAAGTTGATCCGGTCCT
seq_4_no_active	28	-24.395216316295265	3.157148838043213	3.176677910042244	3.169981929475706	2.316435115209535	0.6	2.1581711769104004	3.157148838043213	0.25	2.308334815668363	3.1975989283725035	0.15	2.96299136764136	3.1752859637110165	40:G->C	40	G	C	28	TCGGTTCACGCAATGTTAATGATTGGTTAATAATTCCATCATTTCCTCTCCGGCTTCTTTGATCTTCCTAAGGTCCGTTTACTTAGATAACTGACTCCTTTTCATCACGAGATGATGACATAAACCCAGCTTTGTTCAGCTCTTGCAAATATTTGAAGCACTGTTTGTCTCTGATTGGGGGGGAGGTCGTTACTGATTAACCCCAACAATGATGAAGTTGATCCGGTCCT
seq_4_no_active	29	-17.875218268907393	3.158939838409424	3.201348133083959	3.1849433216689405	2.33139650740277	0.6	2.1599621772766113	3.158939838409424	0.25	2.3388732322650467	3.228137344969187	0.15	3.0046726198036087	3.216967215873265	159:C->T	159	C	T	29	TCGGTTCACGCAATGTTAATGATTGGTTAATAATTCCATCATTTCCTCTCCGGCTTCTTTGATCTTCCTAAGGTCCGTTTACTTAGATAACTGACTCCTTTTCATCACGAGATGATGACATAAACCCAGCTTTGTTCAGCTCTTGCAAATATTTGAAGTACTGTTTGTCTCTGATTGGGGGGGAGGTCGTTACTGATTAACCCCAACAATGATGAAGTTGATCCGGTCCT
seq_4_no_active	30	-6.855147090070935	3.1699559688568115	3.1996586660150927	3.188884053117701	2.3353372388515306	0.6	2.170978307723999	3.1699559688568115	0.25	2.336310561549305	3.225574674253445	0.15	2.991150758865365	3.2034453549350212	112:A->G	112	A	G	30	TCGGTTCACGCAATGTTAATGATTGGTTAATAATTCCATCATTTCCTCTCCGGCTTCTTTGATCTTCCTAAGGTCCGTTTACTTAGATAACTGACTCCTTTTCATCACGAGGTGATGACATAAACCCAGCTTTGTTCAGCTCTTGCAAATATTTGAAGTACTGTTTGTCTCTGATTGGGGGGGAGGTCGTTACTGATTAACCCCAACAATGATGAAGTTGATCCGGTCCT
seq_4_no_active	31	-0.24788998808711682	3.176565647125244	3.19336678819146	3.1864628866689024	2.332916072402732	0.6	2.1775879859924316	3.176565647125244	0.25	2.3106687950597204	3.199932907763861	0.15	2.9913072136156176	3.203601809685274	108:C->T	108	C	T	31	TCGGTTCACGCAATGTTAATGATTGGTTAATAATTCCATCATTTCCTCTCCGGCTTCTTTGATCTTCCTAAGGTCCGTTTACTTAGATAACTGACTCCTTTTCATCATGAGGTGATGACATAAACCCAGCTTTGTTCAGCTCTTGCAAATATTTGAAGTACTGTTTGTCTCTGATTGGGGGGGAGGTCGTTACTGATTAACCCCAACAATGATGAAGTTGATCCGGTCCT
seq_4_no_active	32	1.6737715420777706	3.178454637527466	3.2382542592976407	3.21913401461211	2.365587200345939	0.6	2.1794769763946533	3.178454637527466	0.25	2.426885997703981	3.3161501104081212	0.15	3.007863433887679	3.2201580299573354	204:C->G	204	C	G	32	TCGGTTCACGCAATGTTAATGATTGGTTAATAATTCCATCATTTCCTCTCCGGCTTCTTTGATCTTCCTAAGGTCCGTTTACTTAGATAACTGACTCCTTTTCATCATGAGGTGATGACATAAACCCAGCTTTGTTCAGCTCTTGCAAATATTTGAAGTACTGTTTGTCTCTGATTGGGGGGGAGGTCGTTACTGATTAACCCGAACAATGATGAAGTTGATCCGGTCCT
seq_4_no_active	33	3.2334759583346155	3.1860461021855713	3.2483199237203113	3.2334759583346155	2.379929144068445	0.6	2.189138412475586	3.1881160736083984	0.25	2.4815334826628237	3.370797595366964	0.15	2.973751506115915	3.1860461021855713	203:C->G	203	C	G	33	TCGGTTCACGCAATGTTAATGATTGGTTAATAATTCCATCATTTCCTCTCCGGCTTCTTTGATCTTCCTAAGGTCCGTTTACTTAGATAACTGACTCCTTTTCATCATGAGGTGATGACATAAACCCAGCTTTGTTCAGCTCTTGCAAATATTTGAAGTACTGTTTGTCTCTGATTGGGGGGGAGGTCGTTACTGATTAACCGGAACAATGATGAAGTTGATCCGGTCCT
seq_4_no_active	34	3.251616015014064	3.1898484230041504	3.275947726214401	3.251616015014064	2.3980692007478934	0.6	2.190870761871338	3.1898484230041504	0.25	2.5308133659530228	3.420077478657163	0.15	3.005622680912233	3.2179172769818893	54:C->G	54	C	G	34	TCGGTTCACGCAATGTTAATGATTGGTTAATAATTCCATCATTTCCTCTCCGGGTTCTTTGATCTTCCTAAGGTCCGTTTACTTAGATAACTGACTCCTTTTCATCATGAGGTGATGACATAAACCCAGCTTTGTTCAGCTCTTGCAAATATTTGAAGTACTGTTTGTCTCTGATTGGGGGGGAGGTCGTTACTGATTAACCGGAACAATGATGAAGTTGATCCGGTCCT
seq_4_no_active	35	3.280043595824655	3.188411235809326	3.322346939346177	3.280043595824655	2.426496781558484	0.6	2.1894335746765137	3.188411235809326	0.25	2.6127600573426446	3.502024170046785	0.15	3.0643108161127635	3.2766054121824197	66:T->A	66	T	A	35	TCGGTTCACGCAATGTTAATGATTGGTTAATAATTCCATCATTTCCTCTCCGGGTTCTTTGATCTACCTAAGGTCCGTTTACTTAGATAACTGACTCCTTTTCATCATGAGGTGATGACATAAACCCAGCTTTGTTCAGCTCTTGCAAATATTTGAAGTACTGTTTGTCTCTGATTGGGGGGGAGGTCGTTACTGATTAACCGGAACAATGATGAAGTTGATCCGGTCCT
seq_4_no_active	36	3.2982726364420225	3.188047170639038	3.3585180619460573	3.2982726364420225	2.444725822175852	0.6	2.1890695095062256	3.188047170639038	0.25	2.6339187050831594	3.5231828177872995	0.15	3.1520296013421776	3.364324197411834	126:C->T	126	C	T	36	TCGGTTCACGCAATGTTAATGATTGGTTAATAATTCCATCATTTCCTCTCCGGGTTCTTTGATCTACCTAAGGTCCGTTTACTTAGATAACTGACTCCTTTTCATCATGAGGTGATGACATAAACTCAGCTTTGTTCAGCTCTTGCAAATATTTGAAGTACTGTTTGTCTCTGATTGGGGGGGAGGTCGTTACTGATTAACCGGAACAATGATGAAGTTGATCCGGTCCT
seq_4_no_active	37	3.2992708439942255	3.1878788471221924	3.358872212502323	3.2992708439942255	2.4457240297280545	0.6	2.18890118598938	3.1878788471221924	0.25	2.6430645589277937	3.5323286716319338	0.15	3.144114522683187	3.3564091187528433	137:C->T	137	C	T	37	TCGGTTCACGCAATGTTAATGATTGGTTAATAATTCCATCATTTCCTCTCCGGGTTCTTTGATCTACCTAAGGTCCGTTTACTTAGATAACTGACTCCTTTTCATCATGAGGTGATGACATAAACTCAGCTTTGTTTAGCTCTTGCAAATATTTGAAGTACTGTTTGTCTCTGATTGGGGGGGAGGTCGTTACTGATTAACCGGAACAATGATGAAGTTGATCCGGTCCT
seq_4_no_active	38	3.3168449925707435	3.1922035217285156	3.3836941748863816	3.3168449925707435	2.4632981783045724	0.6	2.193225860595703	3.1922035217285156	0.25	2.687646178236256	3.576910290940396	0.15	3.1696741159205777	3.381968711990234	215:A->T	215	A	T	38	TCGGTTCACGCAATGTTAATGATTGGTTAATAATTCCATCATTTCCTCTCCGGGTTCTTTGATCTACCTAAGGTCCGTTTACTTAGATAACTGACTCCTTTTCATCATGAGGTGATGACATAAACTCAGCTTTGTTTAGCTCTTGCAAATATTTGAAGTACTGTTTGTCTCTGATTGGGGGGGAGGTCGTTACTGATTAACCGGAACAATGATGTAGTTGATCCGGTCCT
seq_4_no_active	39	3.3233376542191446	3.1913578510284424	3.3886573773640407	3.3233376542191446	2.4697908399529735	0.6	2.19238018989563	3.1913578510284424	0.25	2.7340439017211327	3.623308014425273	0.15	3.1390116705687494	3.3513062666384057	38:A->C	38	A	C	39	TCGGTTCACGCAATGTTAATGATTGGTTAATAATTCCCTCATTTCCTCTCCGGGTTCTTTGATCTACCTAAGGTCCGTTTACTTAGATAACTGACTCCTTTTCATCATGAGGTGATGACATAAACTCAGCTTTGTTTAGCTCTTGCAAATATTTGAAGTACTGTTTGTCTCTGATTGGGGGGGAGGTCGTTACTGATTAACCGGAACAATGATGTAGTTGATCCGGTCCT
seq_4_no_active	40	3.3271392344641644	3.18992280960083	3.40340175070367	3.3271392344641644	2.4735924201979933	0.6	2.1909451484680176	3.18992280960083	0.25	2.712167710567256	3.6014318232713967	0.15	3.2065560231691257	3.418850619238782	170:T->C	170	T	C	40	TCGGTTCACGCAATGTTAATGATTGGTTAATAATTCCCTCATTTCCTCTCCGGGTTCTTTGATCTACCTAAGGTCCGTTTACTTAGATAACTGACTCCTTTTCATCATGAGGTGATGACATAAACTCAGCTTTGTTTAGCTCTTGCAAATATTTGAAGTACTGTTTGTCCCTGATTGGGGGGGAGGTCGTTACTGATTAACCGGAACAATGATGTAGTTGATCCGGTCCT
seq_4_no_active	41	3.3307105630614204	3.1884818077087402	3.413304248726316	3.3307105630614204	2.4771637487952494	0.6	2.1895041465759277	3.1884818077087402	0.25	2.7098042639523103	3.599068376656451	0.15	3.2400679657441005	3.452362561813757	121:T->C	121	T	C	41	TCGGTTCACGCAATGTTAATGATTGGTTAATAATTCCCTCATTTCCTCTCCGGGTTCTTTGATCTACCTAAGGTCCGTTTACTTAGATAACTGACTCCTTTTCATCATGAGGTGATGACACAAACTCAGCTTTGTTTAGCTCTTGCAAATATTTGAAGTACTGTTTGTCCCTGATTGGGGGGGAGGTCGTTACTGATTAACCGGAACAATGATGTAGTTGATCCGGTCCT
seq_4_no_active	42	3.342780078363454	3.1851117610931396	3.4354451566922695	3.342780078363454	2.4892332640972827	0.6	2.186134099960327	3.1851117610931396	0.25	2.746030540896059	3.635294653600199	0.15	3.2736344593138136	3.48592905538347	120:A->T	120	A	T	42	TCGGTTCACGCAATGTTAATGATTGGTTAATAATTCCCTCATTTCCTCTCCGGGTTCTTTGATCTACCTAAGGTCCGTTTACTTAGATAACTGACTCCTTTTCATCATGAGGTGATGACTCAAACTCAGCTTTGTTTAGCTCTTGCAAATATTTGAAGTACTGTTTGTCCCTGATTGGGGGGGAGGTCGTTACTGATTAACCGGAACAATGATGTAGTTGATCCGGTCCT
seq_4_no_active	43	3.3392317789278465	3.183119535446167	3.4300683858424788	3.3392317789278465	2.4856849646616754	0.6	2.1841418743133545	3.183119535446167	0.25	2.7437080307754185	3.6329721434795585	0.15	3.2618188825320553	3.4741134786017116	123:A->G	123	A	G	43	TCGGTTCACGCAATGTTAATGATTGGTTAATAATTCCCTCATTTCCTCTCCGGGTTCTTTGATCTACCTAAGGTCCGTTTACTTAGATAACTGACTCCTTTTCATCATGAGGTGATGACTCAGACTCAGCTTTGTTTAGCTCTTGCAAATATTTGAAGTACTGTTTGTCCCTGATTGGGGGGGAGGTCGTTACTGATTAACCGGAACAATGATGTAGTTGATCCGGTCCT
seq_4_no_active	44	3.3472429704418696	3.180169105529785	3.4489892043435497	3.3472429704418696	2.493696156175699	0.6	2.1811914443969727	3.180169105529785	0.25	2.7519531972845517	3.6412173099886918	0.15	3.3132866014425155	3.525581197512172	205:A->G	205	A	G	44	TCGGTTCACGCAATGTTAATGATTGGTTAATAATTCCCTCATTTCCTCTCCGGGTTCTTTGATCTACCTAAGGTCCGTTTACTTAGATAACTGACTCCTTTTCATCATGAGGTGATGACTCAGACTCAGCTTTGTTTAGCTCTTGCAAATATTTGAAGTACTGTTTGTCCCTGATTGGGGGGGAGGTCGTTACTGATTAACCGGGACAATGATGTAGTTGATCCGGTCCT
seq_4_no_active	45	3.3531869330901265	3.1821212768554688	3.455396882873861	3.3531869330901265	2.4996401188239554	0.6	2.1831436157226562	3.1821212768554688	0.25	2.773773499415142	3.6630376121192825	0.15	3.3087371635771747	3.521031759646831	127:C->A	127	C	A	45	TCGGTTCACGCAATGTTAATGATTGGTTAATAATTCCCTCATTTCCTCTCCGGGTTCTTTGATCTACCTAAGGTCCGTTTACTTAGATAACTGACTCCTTTTCATCATGAGGTGATGACTCAGACTAAGCTTTGTTTAGCTCTTGCAAATATTTGAAGTACTGTTTGTCCCTGATTGGGGGGGAGGTCGTTACTGATTAACCGGGACAATGATGTAGTTGATCCGGTCCT
seq_4_no_active	46	3.3659667064903602	3.18074369430542	3.4736005421880534	3.3659667064903602	2.512419892224189	0.6	2.1817660331726074	3.18074369430542	0.25	2.8258538879788313	3.7151180006829714	0.15	3.312645335506113	3.5249399315757692	104:A->C	104	A	C	46	TCGGTTCACGCAATGTTAATGATTGGTTAATAATTCCCTCATTTCCTCTCCGGGTTCTTTGATCTACCTAAGGTCCGTTTACTTAGATAACTGACTCCTTTTCCTCATGAGGTGATGACTCAGACTAAGCTTTGTTTAGCTCTTGCAAATATTTGAAGTACTGTTTGTCCCTGATTGGGGGGGAGGTCGTTACTGATTAACCGGGACAATGATGTAGTTGATCCGGTCCT
seq_4_no_active	47	3.360564127477165	3.1817963123321533	3.465055634632821	3.360564127477165	2.5070173132109943	0.6	2.182818651199341	3.1817963123321533	0.25	2.8055434007251288	3.694807513429269	0.15	3.3062684820673844	3.5185630781370407	95:C->G	95	C	G	47	TCGGTTCACGCAATGTTAATGATTGGTTAATAATTCCCTCATTTCCTCTCCGGGTTCTTTGATCTACCTAAGGTCCGTTTACTTAGATAACTGAGTCCTTTTCCTCATGAGGTGATGACTCAGACTAAGCTTTGTTTAGCTCTTGCAAATATTTGAAGTACTGTTTGTCCCTGATTGGGGGGGAGGTCGTTACTGATTAACCGGGACAATGATGTAGTTGATCCGGTCCT
seq_4_no_active	48	3.3651670398483713	3.1811985969543457	3.469726968180096	3.3651670398483713	2.5116202255822	0.6	2.182220935821533	3.1811985969543457	0.25	2.833241242674583	3.7225053553787237	0.15	3.2931823561375633	3.5054769522072196	96:T->A	96	T	A	48	TCGGTTCACGCAATGTTAATGATTGGTTAATAATTCCCTCATTTCCTCTCCGGGTTCTTTGATCTACCTAAGGTCCGTTTACTTAGATAACTGAGACCTTTTCCTCATGAGGTGATGACTCAGACTAAGCTTTGTTTAGCTCTTGCAAATATTTGAAGTACTGTTTGTCCCTGATTGGGGGGGAGGTCGTTACTGATTAACCGGGACAATGATGTAGTTGATCCGGTCCT
seq_4_no_active	49	3.37553423209214	3.1805944442749023	3.4885953602975057	3.37553423209214	2.521987417825969	0.6	2.18161678314209	3.1805944442749023	0.25	2.854724087641424	3.743988200345564	0.15	3.328908840202395	3.5412034362720513	72:G->A	72	G	A	49	TCGGTTCACGCAATGTTAATGATTGGTTAATAATTCCCTCATTTCCTCTCCGGGTTCTTTGATCTACCTAAAGTCCGTTTACTTAGATAACTGAGACCTTTTCCTCATGAGGTGATGACTCAGACTAAGCTTTGTTTAGCTCTTGCAAATATTTGAAGTACTGTTTGTCCCTGATTGGGGGGGAGGTCGTTACTGATTAACCGGGACAATGATGTAGTTGATCCGGTCCT
seq_4_no_active	50	3.3657628032466147	3.1805174350738525	3.4779363261309117	3.3657628032466147	2.5122159889804436	0.6	2.18153977394104	3.1805174350738525	0.25	2.8053219943405696	3.69458610704471	0.15	3.3464108402045163	3.5587054362741726	124:A->G	124	A	G	50	TCGGTTCACGCAATGTTAATGATTGGTTAATAATTCCCTCATTTCCTCTCCGGGTTCTTTGATCTACCTAAAGTCCGTTTACTTAGATAACTGAGACCTTTTCCTCATGAGGTGATGACTCAGGCTAAGCTTTGTTTAGCTCTTGCAAATATTTGAAGTACTGTTTGTCCCTGATTGGGGGGGAGGTCGTTACTGATTAACCGGGACAATGATGTAGTTGATCCGGTCCT
seq_4_no_active	51	3.369780946251037	3.1811351776123047	3.4864760361500338	3.369780946251037	2.5162341319848665	0.6	2.182157516479492	3.1811351776123047	0.25	2.8042948878757077	3.6935590005798478	0.15	3.372439334188293	3.5847339302579493	125:C->A	125	C	A	51	TCGGTTCACGCAATGTTAATGATTGGTTAATAATTCCCTCATTTCCTCTCCGGGTTCTTTGATCTACCTAAAGTCCGTTTACTTAGATAACTGAGACCTTTTCCTCATGAGGTGATGACTCAGGATAAGCTTTGTTTAGCTCTTGCAAATATTTGAAGTACTGTTTGTCCCTGATTGGGGGGGAGGTCGTTACTGATTAACCGGGACAATGATGTAGTTGATCCGGTCCT
seq_4_no_active	52	3.3732965743933296	3.1870150566101074	3.496292393106451	3.3732965743933296	2.5197497601271586	0.6	2.188037395477295	3.1870150566101074	0.25	2.768818107504645	3.6580822202087857	0.15	3.4314853064308033	3.6437799025004596	171:C->T	171	C	T	52	TCGGTTCACGCAATGTTAATGATTGGTTAATAATTCCCTCATTTCCTCTCCGGGTTCTTTGATCTACCTAAAGTCCGTTTACTTAGATAACTGAGACCTTTTCCTCATGAGGTGATGACTCAGGATAAGCTTTGTTTAGCTCTTGCAAATATTTGAAGTACTGTTTGTCCTTGATTGGGGGGGAGGTCGTTACTGATTAACCGGGACAATGATGTAGTTGATCCGGTCCT
seq_4_no_active	53	3.3866333330202893	3.186736583709717	3.513927280513935	3.3866333330202893	2.5330865187541183	0.6	2.1877589225769043	3.186736583709717	0.25	2.8240818284923197	3.7133459411964598	0.15	3.429404720565973	3.6416993166356293	142:C->G	142	C	G	53	TCGGTTCACGCAATGTTAATGATTGGTTAATAATTCCCTCATTTCCTCTCCGGGTTCTTTGATCTACCTAAAGTCCGTTTACTTAGATAACTGAGACCTTTTCCTCATGAGGTGATGACTCAGGATAAGCTTTGTTTAGCTGTTGCAAATATTTGAAGTACTGTTTGTCCTTGATTGGGGGGGAGGTCGTTACTGATTAACCGGGACAATGATGTAGTTGATCCGGTCCT
seq_4_no_active	54	3.39290092103722	3.187635898590088	3.52654825095354	3.39290092103722	2.5393541067710492	0.6	2.1886582374572754	3.187635898590088	0.25	2.8259164247217377	3.715180537425878	0.15	3.464533720774997	3.676828316844653	213:T->G	213	T	G	54	TCGGTTCACGCAATGTTAATGATTGGTTAATAATTCCCTCATTTCCTCTCCGGGTTCTTTGATCTACCTAAAGTCCGTTTACTTAGATAACTGAGACCTTTTCCTCATGAGGTGATGACTCAGGATAAGCTTTGTTTAGCTGTTGCAAATATTTGAAGTACTGTTTGTCCTTGATTGGGGGGGAGGTCGTTACTGATTAACCGGGACAATGAGGTAGTTGATCCGGTCCT
seq_4_no_active	55	3.399373387553145	3.18852162361145	3.534719388392102	3.399373387553145	2.545826573286974	0.6	2.1895439624786377	3.18852162361145	0.25	2.849885208811323	3.7391493215154634	0.15	3.464192623979737	3.676487220049393	144:T->G	144	T	G	55	TCGGTTCACGCAATGTTAATGATTGGTTAATAATTCCCTCATTTCCTCTCCGGGTTCTTTGATCTACCTAAAGTCCGTTTACTTAGATAACTGAGACCTTTTCCTCATGAGGTGATGACTCAGGATAAGCTTTGTTTAGCTGTGGCAAATATTTGAAGTACTGTTTGTCCTTGATTGGGGGGGAGGTCGTTACTGATTAACCGGGACAATGAGGTAGTTGATCCGGTCCT
seq_4_no_active	56	3.3954246053130137	3.183877944946289	3.522224658815692	3.3954246053130137	2.5418777910468426	0.6	2.1849002838134766	3.183877944946289	0.25	2.887520223497082	3.7767843362012226	0.15	3.3937170992299084	3.6060116952995647	34:T->G	34	T	G	56	TCGGTTCACGCAATGTTAATGATTGGTTAATAAGTCCCTCATTTCCTCTCCGGGTTCTTTGATCTACCTAAAGTCCGTTTACTTAGATAACTGAGACCTTTTCCTCATGAGGTGATGACTCAGGATAAGCTTTGTTTAGCTGTGGCAAATATTTGAAGTACTGTTTGTCCTTGATTGGGGGGGAGGTCGTTACTGATTAACCGGGACAATGAGGTAGTTGATCCGGTCCT
seq_4_no_active	57	3.3917163835819686	3.183090925216675	3.513344596412129	3.3917163835819686	2.5381695693157975	0.6	2.1841132640838623	3.183090925216675	0.25	2.8939398757859283	3.783203988490069	0.15	3.3614442794599877	3.573738875529644	160:A->T	160	A	T	57	TCGGTTCACGCAATGTTAATGATTGGTTAATAAGTCCCTCATTTCCTCTCCGGGTTCTTTGATCTACCTAAAGTCCGTTTACTTAGATAACTGAGACCTTTTCCTCATGAGGTGATGACTCAGGATAAGCTTTGTTTAGCTGTGGCAAATATTTGAAGTTCTGTTTGTCCTTGATTGGGGGGGAGGTCGTTACTGATTAACCGGGACAATGAGGTAGTTGATCCGGTCCT
seq_4_no_active	58	3.3862226030156006	3.1843554973602295	3.499795834720126	3.3862226030156006	2.5326757887494296	0.6	2.185377836227417	3.1843554973602295	0.25	2.8942809230902653	3.783545035794406	0.15	3.3191923749360868	3.531486971005743	53:G->T	53	G	T	58	TCGGTTCACGCAATGTTAATGATTGGTTAATAAGTCCCTCATTTCCTCTCCGTGTTCTTTGATCTACCTAAAGTCCGTTTACTTAGATAACTGAGACCTTTTCCTCATGAGGTGATGACTCAGGATAAGCTTTGTTTAGCTGTGGCAAATATTTGAAGTTCTGTTTGTCCTTGATTGGGGGGGAGGTCGTTACTGATTAACCGGGACAATGAGGTAGTTGATCCGGTCCT
seq_4_no_active	59	3.3867718249226373	3.184384822845459	3.5056428837456224	3.3867718249226373	2.533225010656466	0.6	2.1854071617126465	3.184384822845459	0.25	2.873329456862366	3.7625935695665067	0.15	3.3576556627552443	3.5699502588249006	56:T->C	56	T	C	59	TCGGTTCACGCAATGTTAATGATTGGTTAATAAGTCCCTCATTTCCTCTCCGTGTCCTTTGATCTACCTAAAGTCCGTTTACTTAGATAACTGAGACCTTTTCCTCATGAGGTGATGACTCAGGATAAGCTTTGTTTAGCTGTGGCAAATATTTGAAGTTCTGTTTGTCCTTGATTGGGGGGGAGGTCGTTACTGATTAACCGGGACAATGAGGTAGTTGATCCGGTCCT
seq_4_no_active	60	3.385723836607509	3.184631824493408	3.507309393512326	3.385723836607509	2.5321770223413385	0.6	2.1856541633605957	3.184631824493408	0.25	2.8542387723451492	3.7435028850492893	0.15	3.381498874924625	3.593793470994281	185:G->A	185	G	A	60	TCGGTTCACGCAATGTTAATGATTGGTTAATAAGTCCCTCATTTCCTCTCCGTGTCCTTTGATCTACCTAAAGTCCGTTTACTTAGATAACTGAGACCTTTTCCTCATGAGGTGATGACTCAGGATAAGCTTTGTTTAGCTGTGGCAAATATTTGAAGTTCTGTTTGTCCTTGATTGGGGGGGAAGTCGTTACTGATTAACCGGGACAATGAGGTAGTTGATCCGGTCCT
seq_4_no_active	61	3.405252935815886	3.1803417205810547	3.5390565116025114	3.405252935815886	2.5517061215497145	0.6	2.181364059448242	3.1803417205810547	0.25	2.925973200628671	3.815237313332811	0.15	3.409295904824013	3.621590500893669	55:T->A	55	T	A	61	TCGGTTCACGCAATGTTAATGATTGGTTAATAAGTCCCTCATTTCCTCTCCGTGACCTTTGATCTACCTAAAGTCCGTTTACTTAGATAACTGAGACCTTTTCCTCATGAGGTGATGACTCAGGATAAGCTTTGTTTAGCTGTGGCAAATATTTGAAGTTCTGTTTGTCCTTGATTGGGGGGGAAGTCGTTACTGATTAACCGGGACAATGAGGTAGTTGATCCGGTCCT
