iteration,region_selection,positions,mutations,mutation_cost,cost_increase,objective,objective_improvement,gain_per_new_mutation,min_delta,mean_delta,sequence,score_domi,delta_domi,score_wika,delta_wika,score_ola,delta_ola
0,,,,0,0,0.0,0.0,0.0,0.0,0.0,TCGGTTCACGCAATGCGGGTCTCCGCAGTCCTAAAAGGTGGTTATCTATTGTTAGCAGAGGAGGGGGGTCACAAGGTACATGGTAGGGAGATCATAAGACTCATTGTCCAGAAGAAGAATGTCACAAGGTCAATCGATCCATTAAGGTAGGGCAGGGACCTTGTTAGCACCACCTTAAAGGGAATGTTGGTTAATCTGTTAAGGCAGGAACTGGCAGTTGATCCGGTCCT,1.1039402484893799,0.0,0.8429021852819794,0.0,0.9059027871197748,0.0
1,best_mutation,"97,110,113,114,115,117",110:A>G,1,1,0.282348767682315,0.282348767682315,0.282348767682315,0.15988189853720647,0.282348767682315,TCGGTTCACGCAATGCGGGTCTCCGCAGTCCTAAAAGGTGGTTATCTATTGTTAGCAGAGGAGGGGGGTCACAAGGTACATGGTAGGGAGATCATAAGACTCATTGTCCGGAAGAAGAATGTCACAAGGTCAATCGATCCATTAAGGTAGGGCAGGGACCTTGTTAGCACCACCTTAAAGGGAATGTTGGTTAATCTGTTAAGGCAGGAACTGGCAGTTGATCCGGTCCT,1.3886299133300781,0.28468966484069824,1.2453769249510196,0.40247473966904024,1.0657846856569813,0.15988189853720647
2,best_mutation,"78,81,83,85,87,97","97:A>T, 110:A>G",2,1,0.48883140733473845,0.20648263965242347,0.20648263965242347,0.2583740658525119,0.48883140733473845,TCGGTTCACGCAATGCGGGTCTCCGCAGTCCTAAAAGGTGGTTATCTATTGTTAGCAGAGGAGGGGGGTCACAAGGTACATGGTAGGGAGATCATATGACTCATTGTCCGGAAGAAGAATGTCACAAGGTCAATCGATCCATTAAGGTAGGGCAGGGACCTTGTTAGCACCACCTTAAAGGGAATGTTGGTTAATCTGTTAAGGCAGGAACTGGCAGTTGATCCGGTCCT,1.5316842794418335,0.4277440309524536,1.6232783104812294,0.78037612519925,1.1642768529722867,0.2583740658525119
3,best_mutation,"197,198,200,203,206,211","97:A>T, 110:A>G, 211:C>G",3,1,0.6700228575492101,0.18119145021447164,0.18119145021447164,0.501747256764476,0.6700228575492101,TCGGTTCACGCAATGCGGGTCTCCGCAGTCCTAAAAGGTGGTTATCTATTGTTAGCAGAGGAGGGGGGTCACAAGGTACATGGTAGGGAGATCATATGACTCATTGTCCGGAAGAAGAATGTCACAAGGTCAATCGATCCATTAAGGTAGGGCAGGGACCTTGTTAGCACCACCTTAAAGGGAATGTTGGTTAATCTGTTAAGGCAGGAAGTGGCAGTTGATCCGGTCCT,1.6930646896362305,0.5891244411468506,1.762099060018283,0.9191968747363037,1.4076500438842507,0.501747256764476
4,best_mutation,"166,169,171,172,174,180","97:A>T, 110:A>G, 166:A>T, 211:C>G",4,1,0.8018881059115515,0.13186524836234137,0.13186524836234137,0.6764174699783325,0.8018881059115515,TCGGTTCACGCAATGCGGGTCTCCGCAGTCCTAAAAGGTGGTTATCTATTGTTAGCAGAGGAGGGGGGTCACAAGGTACATGGTAGGGAGATCATATGACTCATTGTCCGGAAGAAGAATGTCACAAGGTCAATCGATCCATTAAGGTAGGGCAGGGACCTTGTTTGCACCACCTTAAAGGGAATGTTGGTTAATCTGTTAAGGCAGGAAGTGGCAGTTGATCCGGTCCT,1.7803577184677124,0.6764174699783325,1.8762984028484486,1.0333962175664693,1.6017534173096273,0.6958506301898525
5,best_mutation,"169,170,171,174,180,182","97:A>T, 110:A>G, 166:A>T, 171:C>A, 211:C>G",5,1,0.9257702563579873,0.1238821504464358,0.1238821504464358,0.7280244827270508,0.9257702563579873,TCGGTTCACGCAATGCGGGTCTCCGCAGTCCTAAAAGGTGGTTATCTATTGTTAGCAGAGGAGGGGGGTCACAAGGTACATGGTAGGGAGATCATATGACTCATTGTCCGGAAGAAGAATGTCACAAGGTCAATCGATCCATTAAGGTAGGGCAGGGACCTTGTTTGCACAACCTTAAAGGGAATGTTGGTTAATCTGTTAAGGCAGGAAGTGGCAGTTGATCCGGTCCT,1.8319647312164307,0.7280244827270508,1.978876834115193,1.1359746488332136,1.819214424633472,0.9133116375136973
6,best_mutation,"117,118,127,130,131,136","97:A>T, 110:A>G, 117:G>C, 166:A>T, 171:C>A, 211:C>G",6,1,1.0146904593736281,0.08892020301564085,0.08892020301564085,0.7324638366699219,1.0146904593736281,TCGGTTCACGCAATGCGGGTCTCCGCAGTCCTAAAAGGTGGTTATCTATTGTTAGCAGAGGAGGGGGGTCACAAGGTACATGGTAGGGAGATCATATGACTCATTGTCCGGAAGAACAATGTCACAAGGTCAATCGATCCATTAAGGTAGGGCAGGGACCTTGTTTGCACAACCTTAAAGGGAATGTTGGTTAATCTGTTAAGGCAGGAAGTGGCAGTTGATCCGGTCCT,1.8364040851593018,0.7324638366699219,2.116944376851748,1.2740421915697688,1.9434681370009685,1.0375653498811936
7,best_mutation,"197,198,200,203,206,215","97:A>T, 110:A>G, 117:G>C, 166:A>T, 171:C>A, 206:A>C, 211:C>G",7,1,1.1110048580763328,0.09631439870270464,0.09631439870270464,0.7398157119750977,1.1110048580763328,TCGGTTCACGCAATGCGGGTCTCCGCAGTCCTAAAAGGTGGTTATCTATTGTTAGCAGAGGAGGGGGGTCACAAGGTACATGGTAGGGAGATCATATGACTCATTGTCCGGAAGAACAATGTCACAAGGTCAATCGATCCATTAAGGTAGGGCAGGGACCTTGTTTGCACAACCTTAAAGGGAATGTTGGTTAATCTGTTAAGGCCGGAAGTGGCAGTTGATCCGGTCCT,1.8437559604644775,0.7398157119750977,2.2046019554765137,1.3616997701945344,2.137401879179141,1.2314990920593663
8,best_mutation,"19,20,21,31,32,36","32:T>A, 97:A>T, 110:A>G, 117:G>C, 166:A>T, 171:C>A, 206:A>C, 211:C>G",8,1,1.1762332676691616,0.06522840959282883,0.06522840959282883,0.814547061920166,1.1762332676691616,TCGGTTCACGCAATGCGGGTCTCCGCAGTCCAAAAAGGTGGTTATCTATTGTTAGCAGAGGAGGGGGGTCACAAGGTACATGGTAGGGAGATCATATGACTCATTGTCCGGAAGAACAATGTCACAAGGTCAATCGATCCATTAAGGTAGGGCAGGGACCTTGTTTGCACAACCTTAAAGGGAATGTTGGTTAATCTGTTAAGGCCGGAAGTGGCAGTTGATCCGGTCCT,1.918487310409546,0.814547061920166,2.3002467949804197,1.4573446096984404,2.1627109185086537,1.2568081313888788
9,best_mutation,"21,26,30,33,38,39","21:C>T, 26:C>G, 30:C>T, 32:T>A, 97:A>T, 110:A>G, 117:G>C, 166:A>T, 171:C>A, 206:A>C, 211:C>G",11,3,1.3561906551832026,0.179957387514041,0.05998579583801367,0.9696991443634033,1.3561906551832026,TCGGTTCACGCAATGCGGGTTTCCGGAGTTCAAAAAGGTGGTTATCTATTGTTAGCAGAGGAGGGGGGTCACAAGGTACATGGTAGGGAGATCATATGACTCATTGTCCGGAAGAACAATGTCACAAGGTCAATCGATCCATTAAGGTAGGGCAGGGACCTTGTTTGCACAACCTTAAAGGGAATGTTGGTTAATCTGTTAAGGCCGGAAGTGGCAGTTGATCCGGTCCT,2.073639392852783,0.9696991443634033,2.498273138266861,1.6553709529848815,2.3494046553210977,1.4435018682013228
10,best_compact,"52,53,54,55,57,65","21:C>T, 26:C>G, 30:C>T, 32:T>A, 52:T>A, 54:A>C, 55:G>T, 97:A>T, 110:A>G, 117:G>C, 166:A>T, 171:C>A, 206:A>C, 211:C>G",14,3,1.4512730670377298,0.09508241185452726,0.03169413728484242,0.9761765003204346,1.4512730670377298,TCGGTTCACGCAATGCGGGTTTCCGGAGTTCAAAAAGGTGGTTATCTATTGATCTCAGAGGAGGGGGGTCACAAGGTACATGGTAGGGAGATCATATGACTCATTGTCCGGAAGAACAATGTCACAAGGTCAATCGATCCATTAAGGTAGGGCAGGGACCTTGTTTGCACAACCTTAAAGGGAATGTTGGTTAATCTGTTAAGGCCGGAAGTGGCAGTTGATCCGGTCCT,2.0801167488098145,0.9761765003204346,2.5866142308709392,1.7437120455889599,2.53983344232357,1.633930655203795
11,best_compact,"141,152,153,158,159,160","21:C>T, 26:C>G, 30:C>T, 32:T>A, 52:T>A, 54:A>C, 55:G>T, 97:A>T, 110:A>G, 117:G>C, 158:A>T, 159:C>A, 160:C>A, 166:A>T, 171:C>A, 206:A>C, 211:C>G",17,3,1.4893860551291205,0.03811298809139063,0.012704329363796877,0.972113847732544,1.4893860551291205,TCGGTTCACGCAATGCGGGTTTCCGGAGTTCAAAAAGGTGGTTATCTATTGATCTCAGAGGAGGGGGGTCACAAGGTACATGGTAGGGAGATCATATGACTCATTGTCCGGAAGAACAATGTCACAAGGTCAATCGATCCATTAAGGTAGGGCAGGGTAATTGTTTGCACAACCTTAAAGGGAATGTTGGTTAATCTGTTAAGGCCGGAAGTGGCAGTTGATCCGGTCCT,2.076054096221924,0.972113847732544,2.5969549917861268,1.7540528065041474,2.6478942982704443,1.7419915111506694
12,best_mutation,"202,203,204,213,214,215","21:C>T, 26:C>G, 30:C>T, 32:T>A, 52:T>A, 54:A>C, 55:G>T, 97:A>T, 110:A>G, 117:G>C, 158:A>T, 159:C>A, 160:C>A, 166:A>T, 171:C>A, 202:A>T, 204:G>T, 206:A>C, 211:C>G, 215:C>A",20,3,1.5963501446139665,0.10696408948484604,0.03565469649494868,0.9807531833648682,1.5963501446139665,TCGGTTCACGCAATGCGGGTTTCCGGAGTTCAAAAAGGTGGTTATCTATTGATCTCAGAGGAGGGGGGTCACAAGGTACATGGTAGGGAGATCATATGACTCATTGTCCGGAAGAACAATGTCACAAGGTCAATCGATCCATTAAGGTAGGGCAGGGTAATTGTTTGCACAACCTTAAAGGGAATGTTGGTTAATCTGTTATGTCCGGAAGTGGAAGTTGATCCGGTCCT,2.084693431854248,0.9807531833648682,2.7473868015591285,1.9044846162771492,2.809715421319657,1.9038126341998822
13,best_mutation,"16,19,26,28,29,36","21:C>T, 26:C>G, 28:G>T, 30:C>T, 32:T>A, 52:T>A, 54:A>C, 55:G>T, 97:A>T, 110:A>G, 117:G>C, 158:A>T, 159:C>A, 160:C>A, 166:A>T, 171:C>A, 202:A>T, 204:G>T, 206:A>C, 211:C>G, 215:C>A",21,1,1.614623526437578,0.01827338182361138,0.01827338182361138,0.9815595149993896,1.614623526437578,TCGGTTCACGCAATGCGGGTTTCCGGATTTCAAAAAGGTGGTTATCTATTGATCTCAGAGGAGGGGGGTCACAAGGTACATGGTAGGGAGATCATATGACTCATTGTCCGGAAGAACAATGTCACAAGGTCAATCGATCCATTAAGGTAGGGCAGGGTAATTGTTTGCACAACCTTAAAGGGAATGTTGGTTAATCTGTTATGTCCGGAAGTGGAAGTTGATCCGGTCCT,2.0854997634887695,0.9815595149993896,2.7692526121890477,1.9263504269070684,2.8418634245260512,1.9359606374062763
14,best_mutation,"75,79,80,81,82,95","21:C>T, 26:C>G, 28:G>T, 30:C>T, 32:T>A, 52:T>A, 54:A>C, 55:G>T, 82:G>T, 97:A>T, 110:A>G, 117:G>C, 158:A>T, 159:C>A, 160:C>A, 166:A>T, 171:C>A, 202:A>T, 204:G>T, 206:A>C, 211:C>G, 215:C>A",22,1,1.621044239834388,0.006420713396810163,0.006420713396810163,0.9858813285827637,1.621044239834388,TCGGTTCACGCAATGCGGGTTTCCGGATTTCAAAAAGGTGGTTATCTATTGATCTCAGAGGAGGGGGGTCACAAGGTACATTGTAGGGAGATCATATGACTCATTGTCCGGAAGAACAATGTCACAAGGTCAATCGATCCATTAAGGTAGGGCAGGGTAATTGTTTGCACAACCTTAAAGGGAATGTTGGTTAATCTGTTATGTCCGGAAGTGGAAGTTGATCCGGTCCT,2.0898215770721436,0.9858813285827637,2.8009138612860265,1.9580116760040471,2.825142502036128,1.919239714916353
15,best_mutation,"180,182,183,184,196,198","21:C>T, 26:C>G, 28:G>T, 30:C>T, 32:T>A, 52:T>A, 54:A>C, 55:G>T, 82:G>T, 97:A>T, 110:A>G, 117:G>C, 158:A>T, 159:C>A, 160:C>A, 166:A>T, 171:C>A, 198:G>C, 202:A>T, 204:G>T, 206:A>C, 211:C>G, 215:C>A",23,1,1.6446656494566796,0.023621409622291534,0.023621409622291534,0.9750831127166748,1.6446656494566796,TCGGTTCACGCAATGCGGGTTTCCGGATTTCAAAAAGGTGGTTATCTATTGATCTCAGAGGAGGGGGGTCACAAGGTACATTGTAGGGAGATCATATGACTCATTGTCCGGAAGAACAATGTCACAAGGTCAATCGATCCATTAAGGTAGGGCAGGGTAATTGTTTGCACAACCTTAAAGGGAATGTTGGTTAATCTCTTATGTCCGGAAGTGGAAGTTGATCCGGTCCT,2.0790233612060547,0.9750831127166748,2.8264014205878163,1.983499235305837,2.881317387467302,1.975414600347527
16,best_mutation,"56,57,58,59,72,75","21:C>T, 26:C>G, 28:G>T, 30:C>T, 32:T>A, 52:T>A, 54:A>C, 55:G>T, 56:C>T, 72:C>T, 82:G>T, 97:A>T, 110:A>G, 117:G>C, 158:A>T, 159:C>A, 160:C>A, 166:A>T, 171:C>A, 198:G>C, 202:A>T, 204:G>T, 206:A>C, 211:C>G, 215:C>A",25,2,1.670409874784733,0.025744225328053316,0.012872112664026658,0.9643814563751221,1.670409874784733,TCGGTTCACGCAATGCGGGTTTCCGGATTTCAAAAAGGTGGTTATCTATTGATCTTAGAGGAGGGGGGTCATAAGGTACATTGTAGGGAGATCATATGACTCATTGTCCGGAAGAACAATGTCACAAGGTCAATCGATCCATTAAGGTAGGGCAGGGTAATTGTTTGCACAACCTTAAAGGGAATGTTGGTTAATCTCTTATGTCCGGAAGTGGAAGTTGATCCGGTCCT,2.068321704864502,0.9643814563751221,2.941832377973722,2.0989301926917427,2.8538207624071092,1.9479179752873343
17,best_mutation,"140,143,146,152,153,157","21:C>T, 26:C>G, 28:G>T, 30:C>T, 32:T>A, 52:T>A, 54:A>C, 55:G>T, 56:C>T, 72:C>T, 82:G>T, 97:A>T, 110:A>G, 117:G>C, 143:T>A, 158:A>T, 159:C>A, 160:C>A, 166:A>T, 171:C>A, 198:G>C, 202:A>T, 204:G>T, 206:A>C, 211:C>G, 215:C>A",26,1,1.6835186234658899,0.013108748681156968,0.013108748681156968,0.9623444080352783,1.6835186234658899,TCGGTTCACGCAATGCGGGTTTCCGGATTTCAAAAAGGTGGTTATCTATTGATCTTAGAGGAGGGGGGTCATAAGGTACATTGTAGGGAGATCATATGACTCATTGTCCGGAAGAACAATGTCACAAGGTCAATCGATCCATAAAGGTAGGGCAGGGTAATTGTTTGCACAACCTTAAAGGGAATGTTGGTTAATCTCTTATGTCCGGAAGTGGAAGTTGATCCGGTCCT,2.066284656524658,0.9623444080352783,2.9763146338659583,2.1334124485839787,2.860701800898188,1.954799013778413
18,best_mutation,"169,174,175,180,181,182","21:C>T, 26:C>G, 28:G>T, 30:C>T, 32:T>A, 52:T>A, 54:A>C, 55:G>T, 56:C>T, 72:C>T, 82:G>T, 97:A>T, 110:A>G, 117:G>C, 143:T>A, 158:A>T, 159:C>A, 160:C>A, 166:A>T, 171:C>A, 181:G>T, 182:G>T, 198:G>C, 202:A>T, 204:G>T, 206:A>C, 211:C>G, 215:C>A",28,2,1.7232909701424053,0.03977234667651541,0.019886173338257707,0.9435558319091797,1.7232909701424053,TCGGTTCACGCAATGCGGGTTTCCGGATTTCAAAAAGGTGGTTATCTATTGATCTTAGAGGAGGGGGGTCATAAGGTACATTGTAGGGAGATCATATGACTCATTGTCCGGAAGAACAATGTCACAAGGTCAATCGATCCATAAAGGTAGGGCAGGGTAATTGTTTGCACAACCTTAAAGTTAATGTTGGTTAATCTCTTATGTCCGGAAGTGGAAGTTGATCCGGTCCT,2.0474960803985596,0.9435558319091797,2.9270173343819192,2.08411514909994,3.0481047165378716,2.1422019294180967
19,best_mutation,"139,140,141,146,150,152","21:C>T, 26:C>G, 28:G>T, 30:C>T, 32:T>A, 52:T>A, 54:A>C, 55:G>T, 56:C>T, 72:C>T, 82:G>T, 97:A>T, 110:A>G, 117:G>C, 140:C>A, 141:A>T, 143:T>A, 150:G>A, 158:A>T, 159:C>A, 160:C>A, 166:A>T, 171:C>A, 181:G>T, 182:G>T, 198:G>C, 202:A>T, 204:G>T, 206:A>C, 211:C>G, 215:C>A",31,3,1.7516354875060844,0.028344517363679156,0.00944817245455972,0.9669411182403564,1.7516354875060844,TCGGTTCACGCAATGCGGGTTTCCGGATTTCAAAAAGGTGGTTATCTATTGATCTTAGAGGAGGGGGGTCATAAGGTACATTGTAGGGAGATCATATGACTCATTGTCCGGAAGAACAATGTCACAAGGTCAATCGATCATTAAAGGTAAGGCAGGGTAATTGTTTGCACAACCTTAAAGTTAATGTTGGTTAATCTCTTATGTCCGGAAGTGGAAGTTGATCCGGTCCT,2.0708813667297363,0.9669411182403564,2.8827875353764414,2.039885350094462,3.1539827813032097,2.248079994183435
20,best_mutation,"19,20,33,34,37,39","21:C>T, 26:C>G, 28:G>T, 30:C>T, 32:T>A, 33:A>C, 37:G>T, 52:T>A, 54:A>C, 55:G>T, 56:C>T, 72:C>T, 82:G>T, 97:A>T, 110:A>G, 117:G>C, 140:C>A, 141:A>T, 143:T>A, 150:G>A, 158:A>T, 159:C>A, 160:C>A, 166:A>T, 171:C>A, 181:G>T, 182:G>T, 198:G>C, 202:A>T, 204:G>T, 206:A>C, 211:C>G, 215:C>A",33,2,1.7865243557370976,0.034888868231013115,0.017444434115506557,0.9744787216186523,1.7865243557370976,TCGGTTCACGCAATGCGGGTTTCCGGATTTCACAAATGTGGTTATCTATTGATCTTAGAGGAGGGGGGTCATAAGGTACATTGTAGGGAGATCATATGACTCATTGTCCGGAAGAACAATGTCACAAGGTCAATCGATCATTAAAGGTAAGGCAGGGTAATTGTTTGCACAACCTTAAAGTTAATGTTGGTTAATCTCTTATGTCCGGAAGTGGAAGTTGATCCGGTCCT,2.0784189701080322,0.9744787216186523,2.910204343817162,2.067302158535183,3.2236949741772323,2.3177921870574574
21,best_compact,"152,153,161,163,169,170","21:C>T, 26:C>G, 28:G>T, 30:C>T, 32:T>A, 33:A>C, 37:G>T, 52:T>A, 54:A>C, 55:G>T, 56:C>T, 72:C>T, 82:G>T, 97:A>T, 110:A>G, 117:G>C, 140:C>A, 141:A>T, 143:T>A, 150:G>A, 158:A>T, 159:C>A, 160:C>A, 166:A>T, 169:A>T, 170:C>T, 171:C>A, 181:G>T, 182:G>T, 198:G>C, 202:A>T, 204:G>T, 206:A>C, 211:C>G, 215:C>A",35,2,1.8100884126578325,0.023564056920734933,0.011782028460367466,0.9801228046417236,1.8100884126578325,TCGGTTCACGCAATGCGGGTTTCCGGATTTCACAAATGTGGTTATCTATTGATCTTAGAGGAGGGGGGTCATAAGGTACATTGTAGGGAGATCATATGACTCATTGTCCGGAAGAACAATGTCACAAGGTCAATCGATCATTAAAGGTAAGGCAGGGTAATTGTTTGCTTAACCTTAAAGTTAATGTTGGTTAATCTCTTATGTCCGGAAGTGGAAGTTGATCCGGTCCT,2.0840630531311035,0.9801228046417236,2.9767477817664556,2.133845596484476,3.222199623967072,2.316296836847297
