iteration,region_selection,positions,mutations,mutation_cost,cost_increase,objective,objective_improvement,gain_per_new_mutation,min_delta,mean_delta,score_domi,score_wika,score_ola,delta_domi,delta_wika,delta_ola,sequence
0,,,,0,0,0.0,0.0,0.0,0.0,0.0,0.6535428762435913,0.8973582967148946,0.3622643604608448,0.0,0.0,0.0,TCGGTTCACGCAATGTGCCGCGGCCTTTTACAAACGGGGCCAAACTGTTCCCTGTACCGACAATCGTTATTGGTCCGAGCCGCCCACGCGCGGCAAGTGGCCGCCCACCTGCCCTCGCGTTGTCTTATGCGAGTTTTAGTTCTCTCCTTCCGCCACCCCTGAGACACTGCCGCCCCGCGGTGGTAGAACATACGCCGACCTAGCGGCTGTAAAGCAGTTGATCCGGTCCT
1,best_mutation,"157,161,163,164,167,169",169:G>T,1,1,0.3161619401235114,0.3161619401235114,0.3161619401235114,0.15704652382290385,0.3161619401235114,1.0522960424423218,1.0544048205377985,0.7549504908097447,0.39875316619873047,0.15704652382290385,0.39268613034889993,TCGGTTCACGCAATGTGCCGCGGCCTTTTACAAACGGGGCCAAACTGTTCCCTGTACCGACAATCGTTATTGGTCCGAGCCGCCCACGCGCGGCAAGTGGCCGCCCACCTGCCCTCGCGTTGTCTTATGCGAGTTTTAGTTCTCTCCTTCCGCCACCCCTGAGACACTTCCGCCCCGCGGTGGTAGAACATACGCCGACCTAGCGGCTGTAAAGCAGTTGATCCGGTCCT
2,best_mutation,"94,97,107,110,112,113","97:G>T, 169:G>T",2,1,0.45744708032462117,0.14128514020110977,0.14128514020110977,0.26342164643002797,0.45744708032462117,1.109901785850525,1.1607799431449226,1.014825045397747,0.4563589096069336,0.26342164643002797,0.6525606849369021,TCGGTTCACGCAATGTGCCGCGGCCTTTTACAAACGGGGCCAAACTGTTCCCTGTACCGACAATCGTTATTGGTCCGAGCCGCCCACGCGCGGCAATTGGCCGCCCACCTGCCCTCGCGTTGTCTTATGCGAGTTTTAGTTCTCTCCTTCCGCCACCCCTGAGACACTTCCGCCCCGCGGTGGTAGAACATACGCCGACCTAGCGGCTGTAAAGCAGTTGATCCGGTCCT
3,best_mutation,"43,44,46,47,50,60","44:A>T, 46:T>A, 60:A>C, 97:G>T, 169:G>T",5,3,0.7066834477363058,0.2492363674116846,0.0830787891372282,0.5379871959956793,0.7066834477363058,1.2853248119354248,1.435345492710574,1.3125455719822492,0.6317819356918335,0.5379871959956793,0.9502812115214043,TCGGTTCACGCAATGTGCCGCGGCCTTTTACAAACGGGGCCAATCAGTTCCCTGTACCGCCAATCGTTATTGGTCCGAGCCGCCCACGCGCGGCAATTGGCCGCCCACCTGCCCTCGCGTTGTCTTATGCGAGTTTTAGTTCTCTCCTTCCGCCACCCCTGAGACACTTCCGCCCCGCGGTGGTAGAACATACGCCGACCTAGCGGCTGTAAAGCAGTTGATCCGGTCCT
4,best_mutation,"93,94,95,107,112,113","44:A>T, 46:T>A, 60:A>C, 94:C>A, 97:G>T, 169:G>T",6,1,0.7837097732781274,0.07702632554182165,0.07702632554182165,0.60780598752474,0.7837097732781274,1.2945435047149658,1.5051642842396347,1.4645870642991123,0.6410006284713745,0.60780598752474,1.1023227038382675,TCGGTTCACGCAATGTGCCGCGGCCTTTTACAAACGGGGCCAATCAGTTCCCTGTACCGCCAATCGTTATTGGTCCGAGCCGCCCACGCGCGGAAATTGGCCGCCCACCTGCCCTCGCGTTGTCTTATGCGAGTTTTAGTTCTCTCCTTCCGCCACCCCTGAGACACTTCCGCCCCGCGGTGGTAGAACATACGCCGACCTAGCGGCTGTAAAGCAGTTGATCCGGTCCT
5,best_mutation,"74,76,78,79,84,90","44:A>T, 46:T>A, 60:A>C, 90:G>C, 94:C>A, 97:G>T, 169:G>T",7,1,0.8504223829920082,0.06671260971388082,0.06671260971388082,0.6149373046296108,0.8504223829920082,1.329793930053711,1.5122956013445055,1.6223431509971393,0.6762510538101196,0.6149373046296108,1.2600787905362945,TCGGTTCACGCAATGTGCCGCGGCCTTTTACAAACGGGGCCAATCAGTTCCCTGTACCGCCAATCGTTATTGGTCCGAGCCGCCCACGCCCGGAAATTGGCCGCCCACCTGCCCTCGCGTTGTCTTATGCGAGTTTTAGTTCTCTCCTTCCGCCACCCCTGAGACACTTCCGCCCCGCGGTGGTAGAACATACGCCGACCTAGCGGCTGTAAAGCAGTTGATCCGGTCCT
6,best_mutation,"47,50,53,54,58,66","44:A>T, 46:T>A, 60:A>C, 66:G>A, 90:G>C, 94:C>A, 97:G>T, 169:G>T",8,1,0.9005469735753522,0.05012459058334395,0.05012459058334395,0.6409695757734529,0.9005469735753522,1.3287270069122314,1.5383278724883476,1.747751574744808,0.6751841306686401,0.6409695757734529,1.3854872142839632,TCGGTTCACGCAATGTGCCGCGGCCTTTTACAAACGGGGCCAATCAGTTCCCTGTACCGCCAATCATTATTGGTCCGAGCCGCCCACGCCCGGAAATTGGCCGCCCACCTGCCCTCGCGTTGTCTTATGCGAGTTTTAGTTCTCTCCTTCCGCCACCCCTGAGACACTTCCGCCCCGCGGTGGTAGAACATACGCCGACCTAGCGGCTGTAAAGCAGTTGATCCGGTCCT
7,best_mutation,"164,173,177,180,181,182","44:A>T, 46:T>A, 60:A>C, 66:G>A, 90:G>C, 94:C>A, 97:G>T, 164:A>T, 169:G>T",9,1,0.9480712338994479,0.047524260324095735,0.047524260324095735,0.7314919350312344,0.9480712338994479,1.402775526046753,1.628850231746129,1.7257534773247925,0.7492326498031616,0.7314919350312344,1.3634891168639476,TCGGTTCACGCAATGTGCCGCGGCCTTTTACAAACGGGGCCAATCAGTTCCCTGTACCGCCAATCATTATTGGTCCGAGCCGCCCACGCCCGGAAATTGGCCGCCCACCTGCCCTCGCGTTGTCTTATGCGAGTTTTAGTTCTCTCCTTCCGCCACCCCTGAGTCACTTCCGCCCCGCGGTGGTAGAACATACGCCGACCTAGCGGCTGTAAAGCAGTTGATCCGGTCCT
8,best_mutation,"32,33,37,49,50,52","44:A>T, 46:T>A, 50:C>T, 60:A>C, 66:G>A, 90:G>C, 94:C>A, 97:G>T, 164:A>T, 169:G>T",10,1,0.9989022041581093,0.050830970258661345,0.050830970258661345,0.7321178871091268,0.9989022041581093,1.4282469749450684,1.6294761838240215,1.852148987124569,0.774704098701477,0.7321178871091268,1.4898846266637242,TCGGTTCACGCAATGTGCCGCGGCCTTTTACAAACGGGGCCAATCAGTTTCCTGTACCGCCAATCATTATTGGTCCGAGCCGCCCACGCCCGGAAATTGGCCGCCCACCTGCCCTCGCGTTGTCTTATGCGAGTTTTAGTTCTCTCCTTCCGCCACCCCTGAGTCACTTCCGCCCCGCGGTGGTAGAACATACGCCGACCTAGCGGCTGTAAAGCAGTTGATCCGGTCCT
9,best_mutation,"18,27,28,32,33,35","32:A>T, 44:A>T, 46:T>A, 50:C>T, 60:A>C, 66:G>A, 90:G>C, 94:C>A, 97:G>T, 164:A>T, 169:G>T",11,1,1.042990738153405,0.044088533995295665,0.044088533995295665,0.7296022058894517,1.042990738153405,1.4228124618530273,1.6269605026043463,1.9923647834221725,0.769269585609436,0.7296022058894517,1.6301004229613276,TCGGTTCACGCAATGTGCCGCGGCCTTTTACTAACGGGGCCAATCAGTTTCCTGTACCGCCAATCATTATTGGTCCGAGCCGCCCACGCCCGGAAATTGGCCGCCCACCTGCCCTCGCGTTGTCTTATGCGAGTTTTAGTTCTCTCCTTCCGCCACCCCTGAGTCACTTCCGCCCCGCGGTGGTAGAACATACGCCGACCTAGCGGCTGTAAAGCAGTTGATCCGGTCCT
10,best_mutation,"199,202,212,213,214,215","32:A>T, 44:A>T, 46:T>A, 50:C>T, 60:A>C, 66:G>A, 90:G>C, 94:C>A, 97:G>T, 164:A>T, 169:G>T, 214:G>T",12,1,1.0883589029098315,0.04536816475642658,0.04536816475642658,0.7323185546609862,1.0883589029098315,1.4156997203826904,1.6296768513758808,2.132865670390254,0.7621568441390991,0.7323185546609862,1.7706013099294093,TCGGTTCACGCAATGTGCCGCGGCCTTTTACTAACGGGGCCAATCAGTTTCCTGTACCGCCAATCATTATTGGTCCGAGCCGCCCACGCCCGGAAATTGGCCGCCCACCTGCCCTCGCGTTGTCTTATGCGAGTTTTAGTTCTCTCCTTCCGCCACCCCTGAGTCACTTCCGCCCCGCGGTGGTAGAACATACGCCGACCTAGCGGCTGTAAATCAGTTGATCCGGTCCT
11,best_mutation,"177,178,180,181,187,191","32:A>T, 44:A>T, 46:T>A, 50:C>T, 60:A>C, 66:G>A, 90:G>C, 94:C>A, 97:G>T, 164:A>T, 169:G>T, 191:T>A, 214:G>T",13,1,1.1295576477164284,0.04119874480659691,0.04119874480659691,0.7269557234351441,1.1295576477164284,1.4386279582977295,1.6243140201500388,2.238896498120848,0.7850850820541382,0.7269557234351441,1.8766321376600033,TCGGTTCACGCAATGTGCCGCGGCCTTTTACTAACGGGGCCAATCAGTTTCCTGTACCGCCAATCATTATTGGTCCGAGCCGCCCACGCCCGGAAATTGGCCGCCCACCTGCCCTCGCGTTGTCTTATGCGAGTTTTAGTTCTCTCCTTCCGCCACCCCTGAGTCACTTCCGCCCCGCGGTGGTAGAACAAACGCCGACCTAGCGGCTGTAAATCAGTTGATCCGGTCCT
12,best_mutation,"74,78,79,80,81,83","32:A>T, 44:A>T, 46:T>A, 50:C>T, 60:A>C, 66:G>A, 74:T>C, 90:G>C, 94:C>A, 97:G>T, 164:A>T, 169:G>T, 191:T>A, 214:G>T",14,1,1.1680885466297453,0.03853089891331685,0.03853089891331685,0.7326252735082918,1.1680885466297453,1.4393410682678223,1.6299835702231864,2.3481065348175583,0.785798192024231,0.7326252735082918,1.9858421743567134,TCGGTTCACGCAATGTGCCGCGGCCTTTTACTAACGGGGCCAATCAGTTTCCTGTACCGCCAATCATTATTGGCCCGAGCCGCCCACGCCCGGAAATTGGCCGCCCACCTGCCCTCGCGTTGTCTTATGCGAGTTTTAGTTCTCTCCTTCCGCCACCCCTGAGTCACTTCCGCCCCGCGGTGGTAGAACAAACGCCGACCTAGCGGCTGTAAATCAGTTGATCCGGTCCT
13,best_mutation,"173,177,178,179,181,182","32:A>T, 44:A>T, 46:T>A, 50:C>T, 60:A>C, 66:G>A, 74:T>C, 90:G>C, 94:C>A, 97:G>T, 164:A>T, 169:G>T, 181:T>A, 182:G>A, 191:T>A, 214:G>T",16,2,1.23560577314899,0.06751722651924474,0.03375861325962237,0.7405562253045957,1.23560577314899,1.525546669960022,1.6379145220194904,2.456521660886789,0.8720037937164307,0.7405562253045957,2.094257300425944,TCGGTTCACGCAATGTGCCGCGGCCTTTTACTAACGGGGCCAATCAGTTTCCTGTACCGCCAATCATTATTGGCCCGAGCCGCCCACGCCCGGAAATTGGCCGCCCACCTGCCCTCGCGTTGTCTTATGCGAGTTTTAGTTCTCTCCTTCCGCCACCCCTGAGTCACTTCCGCCCCGCGGAAGTAGAACAAACGCCGACCTAGCGGCTGTAAATCAGTTGATCCGGTCCT
14,best_mutation,"145,146,156,157,158,162","32:A>T, 44:A>T, 46:T>A, 50:C>T, 60:A>C, 66:G>A, 74:T>C, 90:G>C, 94:C>A, 97:G>T, 146:C>G, 164:A>T, 169:G>T, 181:T>A, 182:G>A, 191:T>A, 214:G>T",17,1,1.2650024347997466,0.029396661650756606,0.029396661650756606,0.7430067862221633,1.2650024347997466,1.5353820323944092,1.640365082937058,2.532425722487104,0.8818391561508179,0.7430067862221633,2.170161362026259,TCGGTTCACGCAATGTGCCGCGGCCTTTTACTAACGGGGCCAATCAGTTTCCTGTACCGCCAATCATTATTGGCCCGAGCCGCCCACGCCCGGAAATTGGCCGCCCACCTGCCCTCGCGTTGTCTTATGCGAGTTTTAGTTCTCTGCTTCCGCCACCCCTGAGTCACTTCCGCCCCGCGGAAGTAGAACAAACGCCGACCTAGCGGCTGTAAATCAGTTGATCCGGTCCT
15,best_mutation,"116,120,130,131,132,136","32:A>T, 44:A>T, 46:T>A, 50:C>T, 60:A>C, 66:G>A, 74:T>C, 90:G>C, 94:C>A, 97:G>T, 136:T>G, 146:C>G, 164:A>T, 169:G>T, 181:T>A, 182:G>A, 191:T>A, 214:G>T",18,1,1.2886001512153291,0.023597716415582504,0.023597716415582504,0.7437729297836845,1.2886001512153291,1.5480220317840576,1.6411312264985791,2.589812728782681,0.8944791555404663,0.7437729297836845,2.2275483683218362,TCGGTTCACGCAATGTGCCGCGGCCTTTTACTAACGGGGCCAATCAGTTTCCTGTACCGCCAATCATTATTGGCCCGAGCCGCCCACGCCCGGAAATTGGCCGCCCACCTGCCCTCGCGTTGTCTTATGCGAGTTGTAGTTCTCTGCTTCCGCCACCCCTGAGTCACTTCCGCCCCGCGGAAGTAGAACAAACGCCGACCTAGCGGCTGTAAATCAGTTGATCCGGTCCT
16,best_mutation,"107,108,109,110,111,120","32:A>T, 44:A>T, 46:T>A, 50:C>T, 60:A>C, 66:G>A, 74:T>C, 90:G>C, 94:C>A, 97:G>T, 109:C>A, 136:T>G, 146:C>G, 164:A>T, 169:G>T, 181:T>A, 182:G>A, 191:T>A, 214:G>T",19,1,1.3238219974498124,0.03522184623448332,0.03522184623448332,0.7621336059232658,1.3238219974498124,1.5581966638565063,1.6594919026381605,2.666942959274101,0.904653787612915,0.7621336059232658,2.3046785988132563,TCGGTTCACGCAATGTGCCGCGGCCTTTTACTAACGGGGCCAATCAGTTTCCTGTACCGCCAATCATTATTGGCCCGAGCCGCCCACGCCCGGAAATTGGCCGCCCACATGCCCTCGCGTTGTCTTATGCGAGTTGTAGTTCTCTGCTTCCGCCACCCCTGAGTCACTTCCGCCCCGCGGAAGTAGAACAAACGCCGACCTAGCGGCTGTAAATCAGTTGATCCGGTCCT
17,best_mutation,"16,18,19,27,28,29","27:T>A, 32:A>T, 44:A>T, 46:T>A, 50:C>T, 60:A>C, 66:G>A, 74:T>C, 90:G>C, 94:C>A, 97:G>T, 109:C>A, 136:T>G, 146:C>G, 164:A>T, 169:G>T, 181:T>A, 182:G>A, 191:T>A, 214:G>T",20,1,1.3443077282537768,0.02048573080396432,0.02048573080396432,0.7833396545690124,1.3443077282537768,1.5662978887557983,1.680697951283907,2.6990928781409558,0.912755012512207,0.7833396545690124,2.336828517680111,TCGGTTCACGCAATGTGCCGCGGCCTATTACTAACGGGGCCAATCAGTTTCCTGTACCGCCAATCATTATTGGCCCGAGCCGCCCACGCCCGGAAATTGGCCGCCCACATGCCCTCGCGTTGTCTTATGCGAGTTGTAGTTCTCTGCTTCCGCCACCCCTGAGTCACTTCCGCCCCGCGGAAGTAGAACAAACGCCGACCTAGCGGCTGTAAATCAGTTGATCCGGTCCT
